CREATE TABLE [Bonus](
    [WORKER_REF_ID] [int] NULL,
    [BONUS_AMOUNT] [int] NULL,
    [BONUS_DATE] [datetime] NULL
) ON [PRIMARY]
GO
SET ANSI_NULLS ON
GO
SET QUOTED_IDENTIFIER ON
GO
CREATE TABLE [Department](
    [ID] [int] IDENTITY(1,1) NOT NULL,
    [DEPT_NAME] [varchar](50) NOT NULL,
 CONSTRAINT [PK_Department] PRIMARY KEY CLUSTERED 
(
    [ID] ASC
)WITH (PAD_INDEX = OFF, STATISTICS_NORECOMPUTE = OFF, IGNORE_DUP_KEY = OFF, ALLOW_ROW_LOCKS = ON, ALLOW_PAGE_LOCKS = ON, OPTIMIZE_FOR_SEQUENTIAL_KEY = OFF) ON [PRIMARY]
) ON [PRIMARY]
GO
SET ANSI_NULLS ON
GO
SET QUOTED_IDENTIFIER ON
GO
CREATE TABLE [Designation](
    [ID] [int] IDENTITY(1,1) NOT NULL,
    [TITLE] [varchar](50) NULL,
 CONSTRAINT [PK_Designation] PRIMARY KEY CLUSTERED 
(
    [ID] ASC
)WITH (PAD_INDEX = OFF, STATISTICS_NORECOMPUTE = OFF, IGNORE_DUP_KEY = OFF, ALLOW_ROW_LOCKS = ON, ALLOW_PAGE_LOCKS = ON, OPTIMIZE_FOR_SEQUENTIAL_KEY = OFF) ON [PRIMARY]
) ON [PRIMARY]
GO
SET ANSI_NULLS ON
GO
SET QUOTED_IDENTIFIER ON
GO
CREATE TABLE [Title](
    [WORKER_REF_ID] [int] NULL,
    [AFFECTED_FROM] [datetime] NULL,
    [DESIGNATION_ID] [int] NULL
) ON [PRIMARY]
GO
SET ANSI_NULLS ON
GO
SET QUOTED_IDENTIFIER ON
GO
CREATE TABLE [Worker](
    [WORKER_ID] [int] IDENTITY(1,1) NOT NULL,
    [FIRST_NAME] [varchar](50) NULL,
    [LAST_NAME] [varchar](25) NULL,
    [SALARY] [int] NULL,
    [JOINING_DATE] [datetime] NULL,
    [DEPT_ID] [int] NULL,
PRIMARY KEY CLUSTERED 
(
    [WORKER_ID] ASC
)WITH (PAD_INDEX = OFF, STATISTICS_NORECOMPUTE = OFF, IGNORE_DUP_KEY = OFF, ALLOW_ROW_LOCKS = ON, ALLOW_PAGE_LOCKS = ON, OPTIMIZE_FOR_SEQUENTIAL_KEY = OFF) ON [PRIMARY]
) ON [PRIMARY]
GO
INSERT [Bonus] ([WORKER_REF_ID], [BONUS_AMOUNT], [BONUS_DATE]) VALUES (1, 5000, CAST(N'2016-02-20T00:00:00.000' AS DateTime))
GO
INSERT [Bonus] ([WORKER_REF_ID], [BONUS_AMOUNT], [BONUS_DATE]) VALUES (2, 3000, CAST(N'2016-06-11T00:00:00.000' AS DateTime))
GO
INSERT [Bonus] ([WORKER_REF_ID], [BONUS_AMOUNT], [BONUS_DATE]) VALUES (3, 4000, CAST(N'2016-02-20T00:00:00.000' AS DateTime))
GO
INSERT [Bonus] ([WORKER_REF_ID], [BONUS_AMOUNT], [BONUS_DATE]) VALUES (1, 4500, CAST(N'2016-02-20T00:00:00.000' AS DateTime))
GO
INSERT [Bonus] ([WORKER_REF_ID], [BONUS_AMOUNT], [BONUS_DATE]) VALUES (2, 3500, CAST(N'2016-06-11T00:00:00.000' AS DateTime))
GO
INSERT [Bonus] ([WORKER_REF_ID], [BONUS_AMOUNT], [BONUS_DATE]) VALUES (1, 3000, CAST(N'2018-01-20T00:00:00.000' AS DateTime))
GO
INSERT [Bonus] ([WORKER_REF_ID], [BONUS_AMOUNT], [BONUS_DATE]) VALUES (4, 3500, CAST(N'2018-11-20T00:00:00.000' AS DateTime))
GO
INSERT [Bonus] ([WORKER_REF_ID], [BONUS_AMOUNT], [BONUS_DATE]) VALUES (1, 5000, CAST(N'2017-05-20T00:00:00.000' AS DateTime))
GO
INSERT [Bonus] ([WORKER_REF_ID], [BONUS_AMOUNT], [BONUS_DATE]) VALUES (3, 3500, CAST(N'2017-01-20T00:00:00.000' AS DateTime))
GO
INSERT [Bonus] ([WORKER_REF_ID], [BONUS_AMOUNT], [BONUS_DATE]) VALUES (5, 5500, CAST(N'2017-02-20T00:00:00.000' AS DateTime))
GO
INSERT [Bonus] ([WORKER_REF_ID], [BONUS_AMOUNT], [BONUS_DATE]) VALUES (6, 5500, CAST(N'2017-02-20T00:00:00.000' AS DateTime))
GO
SET IDENTITY_INSERT [Department] ON 
GO
INSERT [Department] ([ID], [DEPT_NAME]) VALUES (1, N'Account')
GO
INSERT [Department] ([ID], [DEPT_NAME]) VALUES (2, N'Admin')
GO
INSERT [Department] ([ID], [DEPT_NAME]) VALUES (3, N'HR')
GO
INSERT [Department] ([ID], [DEPT_NAME]) VALUES (4, N'IT')
GO
SET IDENTITY_INSERT [Department] OFF
GO
SET IDENTITY_INSERT [Designation] ON 
GO
INSERT [Designation] ([ID], [TITLE]) VALUES (1, N'Asst. Manager')
GO
INSERT [Designation] ([ID], [TITLE]) VALUES (2, N'Executive')
GO
INSERT [Designation] ([ID], [TITLE]) VALUES (3, N'Lead')
GO
INSERT [Designation] ([ID], [TITLE]) VALUES (4, N'Manager')
GO
SET IDENTITY_INSERT [Designation] OFF
GO
INSERT [Title] ([WORKER_REF_ID], [AFFECTED_FROM], [DESIGNATION_ID]) VALUES (1, CAST(N'2016-02-20T00:00:00.000' AS DateTime), 4)
GO
INSERT [Title] ([WORKER_REF_ID], [AFFECTED_FROM], [DESIGNATION_ID]) VALUES (2, CAST(N'2016-06-11T00:00:00.000' AS DateTime), 2)
GO
INSERT [Title] ([WORKER_REF_ID], [AFFECTED_FROM], [DESIGNATION_ID]) VALUES (8, CAST(N'2016-06-11T00:00:00.000' AS DateTime), 2)
GO
INSERT [Title] ([WORKER_REF_ID], [AFFECTED_FROM], [DESIGNATION_ID]) VALUES (5, CAST(N'2016-06-11T00:00:00.000' AS DateTime), 4)
GO
INSERT [Title] ([WORKER_REF_ID], [AFFECTED_FROM], [DESIGNATION_ID]) VALUES (4, CAST(N'2016-06-11T00:00:00.000' AS DateTime), 1)
GO
INSERT [Title] ([WORKER_REF_ID], [AFFECTED_FROM], [DESIGNATION_ID]) VALUES (7, CAST(N'2016-06-11T00:00:00.000' AS DateTime), 2)
GO
INSERT [Title] ([WORKER_REF_ID], [AFFECTED_FROM], [DESIGNATION_ID]) VALUES (6, CAST(N'2016-06-11T00:00:00.000' AS DateTime), 3)
GO
INSERT [Title] ([WORKER_REF_ID], [AFFECTED_FROM], [DESIGNATION_ID]) VALUES (3, CAST(N'2016-06-11T00:00:00.000' AS DateTime), 3)
GO
INSERT [Title] ([WORKER_REF_ID], [AFFECTED_FROM], [DESIGNATION_ID]) VALUES (3, CAST(N'2018-02-01T00:00:00.000' AS DateTime), 4)
GO
INSERT [Title] ([WORKER_REF_ID], [AFFECTED_FROM], [DESIGNATION_ID]) VALUES (4, CAST(N'2018-07-01T00:00:00.000' AS DateTime), 2)
GO
INSERT [Title] ([WORKER_REF_ID], [AFFECTED_FROM], [DESIGNATION_ID]) VALUES (4, CAST(N'2020-07-01T00:00:00.000' AS DateTime), 3)
GO
INSERT [Title] ([WORKER_REF_ID], [AFFECTED_FROM], [DESIGNATION_ID]) VALUES (3, CAST(N'2021-01-01T00:00:00.000' AS DateTime), 1)
GO
SET IDENTITY_INSERT [Worker] ON 
GO
INSERT [Worker] ([WORKER_ID], [FIRST_NAME], [LAST_NAME], [SALARY], [JOINING_DATE], [DEPT_ID]) VALUES (1, N'Ahmed', N'Bhagga', 100000, CAST(N'2014-02-20T09:00:00.000' AS DateTime), 3)
GO
INSERT [Worker] ([WORKER_ID], [FIRST_NAME], [LAST_NAME], [SALARY], [JOINING_DATE], [DEPT_ID]) VALUES (2, N'Niha', N'Malik', 80000, CAST(N'2014-06-11T09:00:00.000' AS DateTime), 2)
GO
INSERT [Worker] ([WORKER_ID], [FIRST_NAME], [LAST_NAME], [SALARY], [JOINING_DATE], [DEPT_ID]) VALUES (3, N'Malik', N'Zain', 300000, CAST(N'2014-02-20T09:00:00.000' AS DateTime), 3)
GO
INSERT [Worker] ([WORKER_ID], [FIRST_NAME], [LAST_NAME], [SALARY], [JOINING_DATE], [DEPT_ID]) VALUES (4, N'Amin', N'Sorathi', 500000, CAST(N'2014-02-20T09:00:00.000' AS DateTime), 2)
GO
INSERT [Worker] ([WORKER_ID], [FIRST_NAME], [LAST_NAME], [SALARY], [JOINING_DATE], [DEPT_ID]) VALUES (5, N'Niaz', N'Bhati', 500000, CAST(N'2014-06-11T09:00:00.000' AS DateTime), 2)
GO
INSERT [Worker] ([WORKER_ID], [FIRST_NAME], [LAST_NAME], [SALARY], [JOINING_DATE], [DEPT_ID]) VALUES (6, N'Saba', N'Diwan', 200000, CAST(N'2014-06-11T09:00:00.000' AS DateTime), 1)
GO
INSERT [Worker] ([WORKER_ID], [FIRST_NAME], [LAST_NAME], [SALARY], [JOINING_DATE], [DEPT_ID]) VALUES (7, N'Sehrish', N'Kumar', 75000, CAST(N'2014-01-20T09:00:00.000' AS DateTime), 1)
GO
INSERT [Worker] ([WORKER_ID], [FIRST_NAME], [LAST_NAME], [SALARY], [JOINING_DATE], [DEPT_ID]) VALUES (8, N'Garib', N'Chauhan', 300000, CAST(N'2014-04-11T09:00:00.000' AS DateTime), 2)
GO
INSERT [Worker] ([WORKER_ID], [FIRST_NAME], [LAST_NAME], [SALARY], [JOINING_DATE], [DEPT_ID]) VALUES (9, N'Farid', N'Baig', 45000, CAST(N'2020-12-01T09:00:00.000' AS DateTime), NULL)
GO
INSERT [Worker] ([WORKER_ID], [FIRST_NAME], [LAST_NAME], [SALARY], [JOINING_DATE], [DEPT_ID]) VALUES (10, N'Farina', N'Naaz', 55000, CAST(N'2020-12-01T09:00:00.000' AS DateTime), NULL)
GO
SET IDENTITY_INSERT [Worker] OFF
GO
ALTER TABLE [Bonus]  WITH CHECK ADD FOREIGN KEY([WORKER_REF_ID])
REFERENCES [Worker] ([WORKER_ID])
ON DELETE CASCADE
GO
ALTER TABLE [Title]  WITH CHECK ADD FOREIGN KEY([WORKER_REF_ID])
REFERENCES [Worker] ([WORKER_ID])
ON DELETE CASCADE
GO
ALTER TABLE [Title]  WITH CHECK ADD  CONSTRAINT [FK_Title_Designation] FOREIGN KEY([DESIGNATION_ID])
REFERENCES [Designation] ([ID])
GO
ALTER TABLE [Title] CHECK CONSTRAINT [FK_Title_Designation]
GO
ALTER TABLE [Worker]  WITH CHECK ADD  CONSTRAINT [FK_Worker_Department] FOREIGN KEY([DEPT_ID])
REFERENCES [Department] ([ID])
GO
ALTER TABLE [Worker] CHECK CONSTRAINT [FK_Worker_Department]
GO
